ID,Group,Age,Gender,Occupation,Experience with JavaScript,Experience with Jest,Which OS do you use?,Please specify your level of agreement: [I had enough time to finish implementing the class],Please specify your level of agreement: [I had enough time to finish testing the class],Please specify your level of agreement: [It was easy to implement the target class.],Please specify your level of agreement: [I have produced a good implementation.],Please specify your level of agreement: [I have produced a good test suite.],Please specify your level of agreement: [I am certain my implementation is correct.],Please specify your level of agreement: [The target class was easy to understand.],Please specify your level of agreement: [I actively tested my code.],Please specify your level of agreement: [I wrote tests during development.],Please specify your level of agreement: [I applied TDD.],Please specify your level of agreement: [The achievement system improved my programming behaviour.],Please specify your level of agreement: [The notifications have spurred me on to make progress.],Please specify your level of agreement: [I would also like to use the plugin in everyday programming myself.],Please specify your level of agreement: [The individual achievements were well described and I knew how to achieve them.],Please specify your level of agreement: [The progress of the individual achievements was visible and easy to understand.],Please specify your level of agreement: [The frequency of notifications was good.],Please specify your level of agreement: [The plugin motivated me to test my code better.],Do you have any suggestions on how to improve the plugin?,Which IDEs do you use?,Exam Grade,Approximated grade
1,Control,24,Male,Studente,< 3 months,< 3 months,Windows,Partially disagree,Fully disagree,Neither agree nor disagree,Partially agree,Fully disagree,Fully disagree,Partially disagree,Partially agree,Partially agree,Neither agree nor disagree,,,,,,,,,"Webstorm, CLion, Visual Studio, VS Code, Eclipse",27.58,27
2,Control,24,Female,Student,>= 3 months && < 6 months,< 3 months,Windows,Neither agree nor disagree,Neither agree nor disagree,Neither agree nor disagree,Partially disagree,Partially agree,Neither agree nor disagree,Partially disagree,Partially agree,Partially agree,Partially disagree,,,,,,,,,VS Code,0,0
3,Control,22,Male,Student,>= 3 months && < 6 months,< 3 months,MacOS,Partially disagree,Fully disagree,Neither agree nor disagree,Partially disagree,Partially disagree,Partially disagree,Neither agree nor disagree,Partially disagree,Fully disagree,Partially agree,,,,,,,,,VS Code,0,0
4,Control,28,Male,Student,>= 6 months && < 1 year,< 3 months,Linux,Partially agree,Partially agree,Partially agree,Neither agree nor disagree,Partially disagree,Partially disagree,Neither agree nor disagree,Fully agree,Fully agree,Partially disagree,,,,,,,,,"IntelliJ, VS Code, Lite XL",31.5,33
5,Control,26,Male,penetration tester / student,>= 3 months && < 6 months,< 3 months,Linux,Partially disagree,Partially disagree,Neither agree nor disagree,Partially agree,Neither agree nor disagree,Partially agree,Neither agree nor disagree,Partially agree,Partially agree,Neither agree nor disagree,,,,,,,,,"VS Code, vim",20,21
6,Control,30,Male,Master Degree Student,>= 1 year && < 3 years,< 3 months,Windows,Partially agree,Neither agree nor disagree,Neither agree nor disagree,Partially disagree,Partially disagree,Partially disagree,Neither agree nor disagree,Neither agree nor disagree,Partially agree,Partially disagree,,,,,,,,,Visual Studio Code,27.7,27
7,Control,24,Male,Student,< 3 months,< 3 months,MacOS,Fully agree,Fully agree,Partially agree,Fully agree,Fully agree,Partially agree,Partially agree,Fully agree,Fully agree,Partially disagree,,,,,,,,,"IntelliJ, CLion, VS Code, Eclipse",29.5,30
8,Control,24,Male,Student,>= 3 months && < 6 months,>= 3 months && < 6 months,Windows,Partially disagree,Partially disagree,Partially agree,Neither agree nor disagree,Neither agree nor disagree,Neither agree nor disagree,Partially agree,Partially disagree,Partially agree,Neither agree nor disagree,,,,,,,,,IntelliJ,24.58,24
9,Control,24,Male,Student,< 3 months,< 3 months,Windows,Fully agree,Fully agree,Fully agree,Partially agree,Neither agree nor disagree,Partially agree,Fully agree,Fully agree,Fully agree,Fully disagree,,,,,,,,,"IntelliJ, PyCharm, VS Code",27.58,27
10,Control,22,Male,Student,>= 1 year && < 3 years,< 3 months,Windows,Fully agree,Fully agree,Partially agree,Partially agree,Partially agree,Partially agree,Partially agree,Fully agree,Fully agree,Partially agree,,,,,,,,,"IntelliJ, VS Code",27.73,27
11,Control,23,Male,Student,>= 1 year && < 3 years,< 3 months,Windows,Partially agree,Partially disagree,Partially disagree,Fully disagree,Fully disagree,Neither agree nor disagree,Partially agree,Partially agree,Partially disagree,Fully disagree,,,,,,,,,"IntelliJ, CLion, VS Code",25.1,24
12,Control,22,Male,Part-time IT consultant,>= 6 months && < 1 year,< 3 months,MacOS,Fully disagree,Fully disagree,Fully disagree,Neither agree nor disagree,Neither agree nor disagree,Partially disagree,Neither agree nor disagree,Partially disagree,Fully agree,Fully agree,,,,,,,,,"Visual Studio, VS Code",27.08,27
13,Control,22,Male,Student,< 3 months,< 3 months,Windows,Fully agree,Partially agree,Partially agree,Partially agree,Partially agree,Fully agree,Fully agree,Fully agree,Fully agree,Fully agree,,,,,,,,,IntelliJ,28.17,27
14,Control,24,Male,Student,>= 3 months && < 6 months,< 3 months,MacOS,Partially agree,Fully agree,Partially agree,Partially agree,Partially agree,Partially agree,Neither agree nor disagree,Partially agree,Fully agree,Partially agree,,,,,,,,,VS Code,22.5,24
15,Control,22,Male,Student,>= 3 months && < 6 months,< 3 months,Windows,Fully agree,Partially agree,Fully agree,Neither agree nor disagree,Partially disagree,Neither agree nor disagree,Fully agree,Partially disagree,Partially disagree,Neither agree nor disagree,,,,,,,,,VS Code,26.9,27
16,Control,22,Male,Student,< 3 months,< 3 months,Windows,Fully agree,Partially agree,Partially agree,Partially agree,Partially agree,Partially agree,Neither agree nor disagree,Fully agree,Partially agree,Fully disagree,,,,,,,,,"PyCharm, CLion, VS Code, Eclipse",29,30
17,Control,24,Male,Student,>= 1 year && < 3 years,< 3 months,Linux,Fully agree,Fully agree,Partially agree,Fully agree,Partially agree,Partially agree,Partially agree,Partially agree,Fully agree,Partially agree,,,,,,,,,"IntelliJ, VS Code",8.33,9
18,Control,22,Male,student,>= 3 months && < 6 months,< 3 months,MacOS,Fully agree,Partially agree,Partially agree,Fully agree,Partially agree,Partially agree,Partially agree,Partially agree,Partially agree,Neither agree nor disagree,,,,,,,,,"IntelliJ, Webstorm, PyCharm, CLion, VS Code, Eclipse",27.1,27
19,Control,28,Male,DevOps Engineer,>= 1 year && < 3 years,< 3 months,MacOS,Partially disagree,Partially disagree,Partially agree,Neither agree nor disagree,Neither agree nor disagree,Partially agree,Partially agree,Partially agree,Partially agree,Fully disagree,,,,,,,,,"IntelliJ, Webstorm, PyCharm, GoLand, DataGrip",11,12
20,Control,23,Male,Student,>= 3 months && < 6 months,< 3 months,Windows,Fully agree,Fully agree,Fully agree,Fully agree,Partially disagree,Fully agree,Fully agree,Partially agree,Fully agree,Fully disagree,,,,,,,,,"IntelliJ, Visual Studio, VS Code, Eclipse",30.5,30
21,Control,23,Male,Studente,< 3 months,< 3 months,Windows,Fully agree,Fully agree,Partially agree,Partially agree,Neither agree nor disagree,Partially agree,Partially agree,Fully agree,Fully agree,Fully disagree,,,,,,,,,"IntelliJ, Visual Studio, Eclipse",22,21
22,Control,23,Male,student,>= 3 months && < 6 months,< 3 months,MacOS,Partially agree,Partially agree,Neither agree nor disagree,Neither agree nor disagree,Neither agree nor disagree,Partially agree,Partially agree,Neither agree nor disagree,Neither agree nor disagree,Partially disagree,,,,,,,,,"IntelliJ, VS Code",29.63,30
23,Control,22,Male,Student,>= 3 years,< 3 months,MacOS,Fully agree,Fully agree,Fully agree,Fully agree,Partially agree,Partially agree,Fully agree,Partially agree,Fully agree,Fully disagree,,,,,,,,,"IntelliJ, PyCharm, CLion, Visual Studio, VS Code, Eclipse",30.33,30
24,Control,22,Male,Consultant,>= 3 months && < 6 months,< 3 months,MacOS,Fully agree,Partially disagree,Partially agree,Neither agree nor disagree,Partially disagree,Partially agree,Fully agree,Partially disagree,Fully disagree,Partially disagree,,,,,,,,,"Visual Studio, VS Code",18.8,18
25,Control,25,Male,Student,>= 3 months && < 6 months,< 3 months,Windows,Neither agree nor disagree,Partially disagree,Neither agree nor disagree,Partially agree,Partially agree,Neither agree nor disagree,Partially disagree,Partially agree,Partially agree,Partially agree,,,,,,,,,"IntelliJ, Webstorm, PyCharm, VS Code",25.9,27
26,Control,25,Male,Studente,>= 1 year && < 3 years,< 3 months,MacOS,Neither agree nor disagree,Neither agree nor disagree,Neither agree nor disagree,Neither agree nor disagree,Neither agree nor disagree,Partially agree,Neither agree nor disagree,Partially agree,Partially agree,Neither agree nor disagree,,,,,,,,,"Visual Studio, VS Code, Netbeans, Xcode",21.83,21
27,Control,22,Female,student,< 3 months,< 3 months,MacOS,Fully agree,Fully agree,Partially disagree,Fully disagree,Fully disagree,Fully disagree,Fully disagree,Fully agree,Fully agree,Neither agree nor disagree,,,,,,,,,VS Code,29.5,30
28,Control,26,Male,student,>= 3 months && < 6 months,< 3 months,Windows,Fully agree,Fully agree,Fully agree,Fully agree,Fully agree,Fully agree,Fully agree,Fully agree,Fully agree,Fully agree,,,,,,,,,"IntelliJ, Webstorm, PyCharm, CLion, VS Code",24.5,24
29,Control,23,Male,Student,>= 3 months && < 6 months,>= 3 months && < 6 months,Windows,Fully agree,Fully agree,Fully agree,Partially agree,Neither agree nor disagree,Partially agree,Fully agree,Partially agree,Partially disagree,Fully disagree,,,,,,,,,"IntelliJ, CLion, VS Code, Android Studio",25.5,27
30,Control,24,Male,Student,< 3 months,< 3 months,Windows,Partially agree,Fully agree,Partially agree,Partially agree,Partially disagree,Fully agree,Fully agree,Neither agree nor disagree,Neither agree nor disagree,Fully disagree,,,,,,,,,IntelliJ,25,24
31,Control,24,Male,Student,< 3 months,< 3 months,Windows,Neither agree nor disagree,Neither agree nor disagree,Partially disagree,Partially disagree,Partially disagree,Partially disagree,Partially disagree,Partially disagree,Partially disagree,Neither agree nor disagree,,,,,,,,,"IntelliJ, Visual Studio, VS Code, Eclipse",18.5,18
32,Control,23,Female,Studente lavoratore,>= 6 months && < 1 year,< 3 months,Windows,Fully agree,Partially agree,Partially agree,Partially agree,Partially agree,Partially agree,Neither agree nor disagree,Neither agree nor disagree,Partially agree,Partially agree,,,,,,,,,"PyCharm, VS Code, Eclipse",29,30
33,Control,23,Female,student,>= 3 months && < 6 months,< 3 months,Windows,Fully agree,Partially agree,Fully agree,Fully agree,Partially agree,Fully agree,Fully agree,Fully agree,Fully agree,Neither agree nor disagree,,,,,,,,,"IntelliJ, CLion, Visual Studio, VS Code, Eclipse",26.5,27
34,Control,22,Male,studente disoccupato,>= 1 year && < 3 years,< 3 months,Windows,Neither agree nor disagree,Neither agree nor disagree,Partially agree,Neither agree nor disagree,Partially agree,Partially disagree,Neither agree nor disagree,Neither agree nor disagree,Partially agree,Neither agree nor disagree,,,,,,,,,Visual Studio,21.92,21
35,Control,23,Male,Student,>= 3 years,< 3 months,Windows,Fully agree,Fully agree,Fully agree,Partially agree,Neither agree nor disagree,Partially agree,Fully agree,Fully agree,Fully agree,Partially disagree,,,,,,,,,VS Code,27.9,27
36,Control,24,Male,student,< 3 months,< 3 months,Windows,Fully agree,Fully agree,Fully agree,Partially agree,Partially agree,Partially agree,Neither agree nor disagree,Partially agree,Partially agree,Neither agree nor disagree,,,,,,,,,"IntelliJ, VS Code",25.33,24
37,Control,23,Male,student,< 3 months,< 3 months,Windows,Partially disagree,Partially disagree,Neither agree nor disagree,Partially disagree,Partially disagree,Partially disagree,Partially agree,Neither agree nor disagree,Fully agree,Neither agree nor disagree,,,,,,,,,VS Code,28.83,30
38,Control,23,Male,Student/Junior Java Developer,>= 1 year && < 3 years,< 3 months,Windows,Fully agree,Fully agree,Fully agree,Fully agree,Partially agree,Neither agree nor disagree,Neither agree nor disagree,Fully agree,Partially agree,Neither agree nor disagree,,,,,,,,,"IntelliJ, Eclipse",28.33,27
39,Control,23,Male,Student,>= 1 year && < 3 years,< 3 months,Windows,Partially disagree,Neither agree nor disagree,Fully agree,Neither agree nor disagree,Neither agree nor disagree,Partially disagree,Neither agree nor disagree,Fully agree,Partially agree,Partially agree,,,,,,,,,IntelliJ,22.5,24
40,Control,25,Male,student,< 3 months,< 3 months,Windows,Partially agree,Partially agree,Neither agree nor disagree,Neither agree nor disagree,Partially agree,Neither agree nor disagree,Partially disagree,Fully agree,Fully agree,Neither agree nor disagree,,,,,,,,,"CLion, VS Code",21.32,21
41,Control,24,Female,student,< 3 months,< 3 months,MacOS,Fully agree,Partially agree,Neither agree nor disagree,Partially agree,Partially agree,Partially agree,Partially agree,Neither agree nor disagree,Fully agree,Neither agree nor disagree,,,,,,,,,"IntelliJ, PyCharm, VS Code",24.4,24
42,Control,24,Male,Student,>= 3 months && < 6 months,< 3 months,MacOS,Fully agree,Fully agree,Fully agree,Fully agree,Fully agree,Fully agree,Fully agree,Fully agree,Fully agree,Neither agree nor disagree,,,,,,,,,"IntelliJ, VS Code",27.83,27
43,Control,36,Female,student,>= 3 years,< 3 months,MacOS,Partially agree,Partially agree,Fully agree,Neither agree nor disagree,Neither agree nor disagree,Partially agree,Fully agree,Fully agree,Fully agree,Neither agree nor disagree,,,,,,,,,Visual Studio,23.6,24
44,Control,23,Male,Studente,< 3 months,< 3 months,Windows,Partially agree,Partially agree,Partially agree,Partially agree,Partially agree,Partially agree,Neither agree nor disagree,Fully agree,Fully agree,Neither agree nor disagree,,,,,,,,,IntelliJ,26,27
45,Control,24,Male,Student,>= 6 months && < 1 year,< 3 months,MacOS,Fully agree,Fully agree,Fully agree,Fully agree,Neither agree nor disagree,Fully agree,Fully agree,Neither agree nor disagree,Fully disagree,Fully disagree,,,,,,,,,Zed,24.63,24
46,Control,25,Male,Student,>= 6 months && < 1 year,< 3 months,Windows,Fully agree,Fully agree,Fully agree,Fully agree,Partially agree,Fully agree,Partially agree,Partially agree,Fully agree,Partially agree,,,,,,,,,IntelliJ,22.3,21
47,Control,22,Male,Student,< 3 months,< 3 months,MacOS,Partially agree,Partially disagree,Partially disagree,Partially agree,Fully disagree,Partially agree,Neither agree nor disagree,Partially agree,Partially agree,Fully disagree,,,,,,,,,IntelliJ,25.4,24
48,Control,23,Male,Student,< 3 months,< 3 months,Windows,Fully agree,Fully agree,Fully agree,Partially agree,Partially agree,Partially agree,Partially agree,Partially agree,Partially agree,Partially agree,,,,,,,,,VS Code,24,24
49,Control,26,Female,student,< 3 months,< 3 months,Windows,Partially disagree,Fully disagree,Neither agree nor disagree,Neither agree nor disagree,Fully disagree,Partially disagree,Neither agree nor disagree,Partially disagree,Partially disagree,Neither agree nor disagree,,,,,,,,,"IntelliJ, Webstorm, CLion, VS Code",22.5,24
50,Control,23,Male,Student,< 3 months,< 3 months,MacOS,Fully agree,Partially disagree,Fully agree,Neither agree nor disagree,Partially disagree,Partially agree,Fully agree,Fully agree,Fully agree,Fully disagree,,,,,,,,,"IntelliJ, VS Code",26.5,27
51,Control,22,Female,master student,< 3 months,< 3 months,Windows,Fully agree,Neither agree nor disagree,Partially agree,Neither agree nor disagree,Fully disagree,Partially agree,Neither agree nor disagree,Partially disagree,Fully disagree,Fully disagree,,,,,,,,,"IntelliJ, Webstorm, PyCharm, VS Code",19.8,21
52,Control,22,Male,Student,< 3 months,< 3 months,Windows,Partially agree,Partially agree,Partially agree,Partially agree,Neither agree nor disagree,Partially disagree,Neither agree nor disagree,Partially agree,Partially agree,Neither agree nor disagree,,,,,,,,,"VS Code, RustRover",26.5,27
53,Control,23,Male,Student and professional sportsman,< 3 months,< 3 months,Linux,Fully agree,Fully agree,Fully agree,Fully agree,Neither agree nor disagree,Fully agree,Fully agree,Fully agree,Fully disagree,Fully disagree,,,,,,,,,"IntelliJ, Visual Studio",26.2,27
54,Control,25,Female,student,>= 3 months && < 6 months,< 3 months,MacOS,Partially agree,Neither agree nor disagree,Partially agree,Neither agree nor disagree,Neither agree nor disagree,Partially disagree,Neither agree nor disagree,Partially disagree,Partially disagree,Neither agree nor disagree,,,,,,,,,"PyCharm, CLion, VS Code",25,24
55,Control,26,Male,student,< 3 months,< 3 months,wsl,Partially agree,Neither agree nor disagree,Neither agree nor disagree,Partially agree,Neither agree nor disagree,Neither agree nor disagree,Partially disagree,Partially disagree,Neither agree nor disagree,Neither agree nor disagree,,,,,,,,,VS Code,26.17,27
56,Control,24,Female,Student,< 3 months,< 3 months,Windows,Fully agree,Fully agree,Partially agree,Neither agree nor disagree,Partially agree,Neither agree nor disagree,Partially agree,Partially agree,Partially agree,Neither agree nor disagree,,,,,,,,,IntelliJ,24.09,24
57,Control,22,Female,Student,>= 3 months && < 6 months,< 3 months,Windows,Fully agree,Partially agree,Partially agree,Neither agree nor disagree,Neither agree nor disagree,Partially agree,Partially agree,Fully agree,Fully agree,Partially disagree,,,,,,,,,"IntelliJ, PyCharm, CLion, Visual Studio, VS Code, Eclipse",27,27
58,Control,23,Male,Student,>= 3 months && < 6 months,< 3 months,Windows,Fully agree,Fully agree,Partially agree,Partially agree,Fully agree,Fully agree,Partially agree,Partially agree,Partially agree,Partially agree,,,,,,,,,IntelliJ,30.33,30
59,Control,23,Male,Student,>= 3 months && < 6 months,< 3 months,Windows,Fully agree,Fully agree,Fully agree,Fully agree,Neither agree nor disagree,Partially agree,Fully agree,Partially agree,Neither agree nor disagree,Neither agree nor disagree,,,,,,,,,VS Code,31,30
60,Control,22,Female,Student,>= 3 months && < 6 months,< 3 months,Windows,Fully agree,Fully agree,Partially agree,Neither agree nor disagree,Neither agree nor disagree,Partially disagree,Partially agree,Fully disagree,Fully disagree,Neither agree nor disagree,,,,,,,,,IntelliJ,27,27
61,Control,23,Male,Student,< 3 months,< 3 months,Windows,Neither agree nor disagree,Partially disagree,Partially disagree,Neither agree nor disagree,Partially disagree,Partially agree,Neither agree nor disagree,Neither agree nor disagree,Partially disagree,Partially disagree,,,,,,,,,"IntelliJ, VS Code",20.33,21
62,Control,22,Male,Student,>= 3 months && < 6 months,< 3 months,Windows,Fully agree,Partially agree,Partially agree,Partially agree,Partially agree,Partially agree,Partially agree,Partially agree,Partially agree,Neither agree nor disagree,,,,,,,,,"IntelliJ, PyCharm, CLion, VS Code, Eclipse",26.5,27
63,Control,34,Female,Student,>= 3 years,< 3 months,MacOS,Partially disagree,Fully disagree,Partially disagree,Neither agree nor disagree,Partially disagree,Partially disagree,Partially agree,Partially agree,Fully disagree,Fully agree,,,,,,,,,"IntelliJ, VS Code",23.6,24
64,Control,22,Male,student,< 3 months,< 3 months,Windows,Fully agree,Fully agree,Fully agree,Neither agree nor disagree,Neither agree nor disagree,Neither agree nor disagree,Neither agree nor disagree,Neither agree nor disagree,Fully disagree,Neither agree nor disagree,,,,,,,,,IntelliJ,19.7,21
65,Control,22,Male,Student,< 3 months,< 3 months,Windows,Fully agree,Fully agree,Partially agree,Partially agree,Partially agree,Fully agree,Neither agree nor disagree,Fully agree,Fully agree,Partially disagree,,,,,,,,,"IntelliJ, VS Code",26,27
66,Control,23,Male,Student,>= 3 years,< 3 months,MacOS,Fully agree,Fully agree,Partially agree,Partially agree,Partially agree,Partially agree,Partially agree,Fully agree,Fully agree,Neither agree nor disagree,,,,,,,,,Visual Studio,27.5,27
67,Control,23,Male,Student,>= 3 months && < 6 months,< 3 months,Windows,Partially disagree,Partially disagree,Partially disagree,Neither agree nor disagree,Partially disagree,Partially disagree,Partially disagree,Partially disagree,Neither agree nor disagree,Neither agree nor disagree,,,,,,,,,VS Code,29.83,30
68,Control,24,Male,student,>= 1 year && < 3 years,< 3 months,Windows,Partially agree,Partially agree,Partially agree,Neither agree nor disagree,Partially disagree,Neither agree nor disagree,Neither agree nor disagree,Fully agree,Fully disagree,Fully disagree,,,,,,,,,IntelliJ,25,24
69,Control,23,Male,Student,< 3 months,< 3 months,MacOS,Partially agree,Partially disagree,Partially agree,Partially agree,Partially disagree,Partially disagree,Partially agree,Partially agree,Partially agree,Partially agree,,,,,,,,,"IntelliJ, VS Code",25.9,27
70,Control,26,Male,Studente,< 3 months,< 3 months,Windows,Fully disagree,Fully disagree,Partially agree,Partially agree,Neither agree nor disagree,Fully agree,Fully agree,Fully agree,Fully agree,Fully disagree,,,,,,,,,"IntelliJ, VS Code",26.83,27
71,Control,22,Male,student,< 3 months,< 3 months,Windows,Fully agree,Fully agree,Fully agree,Fully agree,Fully agree,Partially agree,Partially agree,Fully agree,Fully agree,Partially agree,,,,,,,,,IntelliJ,23.83,24
72,Control,23,Female,Student,< 3 months,< 3 months,Windows,Fully agree,Fully agree,Fully agree,Fully agree,Neither agree nor disagree,Neither agree nor disagree,Fully agree,Partially agree,Neither agree nor disagree,Neither agree nor disagree,,,,,,,,,"IntelliJ, PyCharm, VS Code",26.33,27
73,Control,23,Male,Student,>= 3 months && < 6 months,< 3 months,Windows,Fully agree,Fully agree,Neither agree nor disagree,Partially agree,Neither agree nor disagree,Partially disagree,Partially disagree,Fully agree,Partially agree,Neither agree nor disagree,,,,,,,,,"PyCharm, Visual Studio, VS Code",21.3,21
74,Control,21,Female,studentessa,< 3 months,< 3 months,Windows,Fully agree,Partially disagree,Partially agree,Neither agree nor disagree,Fully disagree,Neither agree nor disagree,Partially agree,Partially disagree,Fully disagree,Neither agree nor disagree,,,,,,,,,IntelliJ,24.5,24
75,Control,25,Male,Security IAM consultant,< 3 months,< 3 months,Windows,Fully agree,Fully agree,Fully agree,Partially agree,Fully disagree,Fully agree,Partially agree,Fully agree,Fully disagree,Fully disagree,,,,,,,,,IntelliJ,27.5,27
76,Control,23,Male,Student,< 3 months,< 3 months,Windows,Fully agree,Fully agree,Partially agree,Fully agree,Fully agree,Partially agree,Fully agree,Fully agree,Fully disagree,Fully disagree,,,,,,,,,IntelliJ,27.5,27
77,Control,22,Male,Student ,>= 1 year && < 3 years,< 3 months,Linux,Fully agree,Fully agree,Fully agree,Fully agree,Partially agree,Partially agree,Neither agree nor disagree,Partially agree,Fully agree,Partially agree,,,,,,,,,"IntelliJ, PyCharm, Visual Studio, Eclipse",27,27
78,Control,24,Male,Student,>= 6 months && < 1 year,< 3 months,Windows,Neither agree nor disagree,Partially disagree,Neither agree nor disagree,Neither agree nor disagree,Partially disagree,Neither agree nor disagree,Partially disagree,Fully agree,Fully agree,Fully agree,,,,,,,,,"PyCharm, Visual Studio, VS Code, Eclipse",25.2,24
79,Control,23,Male,Student,>= 1 year && < 3 years,< 3 months,MacOS,Fully agree,Fully agree,Partially agree,Partially agree,Fully disagree,Fully agree,Fully agree,Fully agree,Fully disagree,Fully agree,,,,,,,,,VS Code,22.1,21
80,Control,22,Male,student,< 3 months,< 3 months,Windows,Partially agree,Neither agree nor disagree,Partially agree,Neither agree nor disagree,Neither agree nor disagree,Neither agree nor disagree,Partially agree,Partially disagree,Neither agree nor disagree,Neither agree nor disagree,,,,,,,,,"IntelliJ, VS Code",29.83,30
81,Control,24,Female,Student,>= 3 months && < 6 months,>= 3 months && < 6 months,Windows,Partially agree,Partially disagree,Neither agree nor disagree,Neither agree nor disagree,Neither agree nor disagree,Neither agree nor disagree,Partially agree,Partially disagree,Partially disagree,Neither agree nor disagree,,,,,,,,,"CLion, Visual Studio, VS Code",25.33,24
82,Control,22,Male,Student,>= 3 months && < 6 months,< 3 months,Windows,Fully agree,Fully agree,Partially agree,Partially agree,Partially disagree,Neither agree nor disagree,Partially agree,Partially disagree,Fully disagree,Partially disagree,,,,,,,,,VS Code,25,24
83,Control,24,Male,Student,< 3 months,< 3 months,Windows,Partially disagree,Partially disagree,Partially disagree,Partially disagree,Partially disagree,Partially disagree,Neither agree nor disagree,Neither agree nor disagree,Partially disagree,Neither agree nor disagree,,,,,,,,,"IntelliJ, CLion, Visual Studio, VS Code",25.5,27
84,Control,22,Male,Student,>= 3 months && < 6 months,< 3 months,MacOS,Partially agree,Partially agree,Fully agree,Partially agree,Partially disagree,Neither agree nor disagree,Partially agree,Partially agree,Partially agree,Neither agree nor disagree,,,,,,,,,IntelliJ,28.3,27
85,Control,24,Male,Student,>= 1 year && < 3 years,< 3 months,Windows,Fully agree,Partially agree,Partially agree,Fully agree,Partially agree,Partially agree,Partially agree,Partially agree,Partially agree,Fully agree,,,,,,,,,"PyCharm, Visual Studio, VS Code, Eclipse",27.83,27
86,Control,23,Female,Student,< 3 months,< 3 months,Windows,Partially agree,Neither agree nor disagree,Partially agree,Fully agree,Partially agree,Partially agree,Fully agree,Fully agree,Partially disagree,Neither agree nor disagree,,,,,,,,,VS Code,22.6,24
87,Control,23,Male,Student,< 3 months,< 3 months,Windows,Fully agree,Fully agree,Fully agree,Fully agree,Partially disagree,Fully agree,Partially agree,Partially agree,Partially agree,Fully disagree,,,,,,,,,VS Code,26.7,27
88,Control,22,Male,Student,>= 1 year && < 3 years,< 3 months,MacOS,Fully agree,Partially agree,Fully agree,Fully agree,Neither agree nor disagree,Partially agree,Neither agree nor disagree,Partially agree,Partially agree,Partially agree,,,,,,,,,IntelliJ,25.8,27
89,Control,22,Male,Student,>= 3 years,< 3 months,MacOS,Fully agree,Fully agree,Fully agree,Fully agree,Partially agree,Fully agree,Fully agree,Fully agree,Fully agree,Neither agree nor disagree,,,,,,,,,IntelliJ,22.08,21
90,Control,22,Male,Student,>= 3 months && < 6 months,< 3 months,MacOS,Fully agree,Fully agree,Partially agree,Neither agree nor disagree,Partially agree,Fully agree,Neither agree nor disagree,Fully agree,Fully agree,Neither agree nor disagree,,,,,,,,,IntelliJ,23.17,24
91,Control,23,Male,Studente,>= 3 months && < 6 months,< 3 months,MacOS,Partially agree,Partially agree,Partially disagree,Neither agree nor disagree,Partially agree,Partially disagree,Neither agree nor disagree,Neither agree nor disagree,Partially agree,Partially agree,,,,,,,,,IntelliJ,30,30
92,Control,26,Female,Student,< 3 months,< 3 months,Windows,Neither agree nor disagree,Neither agree nor disagree,Neither agree nor disagree,Neither agree nor disagree,Neither agree nor disagree,Neither agree nor disagree,Neither agree nor disagree,Neither agree nor disagree,Partially agree,Neither agree nor disagree,,,,,,,,,VS Code,25.1,24
93,Control,23,Female,student,>= 3 months && < 6 months,>= 3 months && < 6 months,Windows,Fully agree,Fully agree,Neither agree nor disagree,Partially agree,Partially disagree,Fully agree,Neither agree nor disagree,Fully agree,Fully disagree,Fully disagree,,,,,,,,,IntelliJ,27.63,27
94,Control,25,Male,student,< 3 months,< 3 months,Windows,Partially disagree,Partially disagree,Neither agree nor disagree,Partially disagree,Partially disagree,Fully disagree,Partially disagree,Neither agree nor disagree,Neither agree nor disagree,Neither agree nor disagree,,,,,,,,,"IntelliJ, VS Code",30.5,30
95,Control,24,Male,no,< 3 months,< 3 months,Windows,Fully agree,Neither agree nor disagree,Partially agree,Neither agree nor disagree,Fully disagree,Partially disagree,Fully agree,Neither agree nor disagree,Fully agree,Neither agree nor disagree,,,,,,,,,"IntelliJ, Visual Studio, VS Code, Eclipse, ",25.33,24
96,Control,22,Male,student,>= 3 months && < 6 months,< 3 months,Linux,Fully disagree,Fully disagree,Fully agree,Fully disagree,Fully disagree,Fully disagree,Partially agree,Partially agree,Fully agree,Fully disagree,,,,,,,,,"CLion, VS Code, Eclipse",24,24
97,Control,22,Male,studente,>= 3 months && < 6 months,< 3 months,Windows,Fully agree,Partially agree,Fully agree,Neither agree nor disagree,Partially agree,Partially disagree,Partially agree,Neither agree nor disagree,Fully disagree,Fully disagree,,,,,,,,,"PyCharm, Visual Studio",26.83,27
98,Control,22,Male,Student,>= 1 year && < 3 years,< 3 months,Windows,Fully agree,Partially disagree,Partially agree,Partially agree,Partially disagree,Partially agree,Partially agree,Partially disagree,Neither agree nor disagree,Partially disagree,,,,,,,,,IntelliJ,26,27
99,Control,24,Male,Student,< 3 months,< 3 months,MacOS,Fully disagree,Fully disagree,Neither agree nor disagree,Partially disagree,Fully disagree,Partially disagree,Neither agree nor disagree,Fully disagree,Partially disagree,Partially disagree,,,,,,,,,IntelliJ,31,30
100,Control,24,Male,Student,>= 3 years,< 3 months,Windows,Fully agree,Fully agree,Fully agree,Fully agree,Partially agree,Partially agree,Fully agree,Partially agree,Fully agree,Neither agree nor disagree,,,,,,,,,"IntelliJ, PyCharm, Visual Studio, VS Code",27,27
101,Control,23,Male,Student,>= 6 months && < 1 year,< 3 months,Windows,Partially agree,Partially disagree,Partially agree,Neither agree nor disagree,Neither agree nor disagree,Neither agree nor disagree,Partially disagree,Partially agree,Partially disagree,Neither agree nor disagree,,,,,,,,,Visual Studio,25.1,24
102,Control,22,Male,student,>= 3 months && < 6 months,< 3 months,Windows,Partially disagree,Partially disagree,Partially agree,Partially agree,Neither agree nor disagree,Partially disagree,Partially disagree,Partially agree,Partially agree,Neither agree nor disagree,,,,,,,,,IntelliJ,24.5,24
103,Control,22,Male,Student,< 3 months,< 3 months,Windows,Partially agree,Fully agree,Fully agree,Fully agree,Fully agree,Partially agree,Fully agree,Fully agree,Fully agree,Partially agree,,,,,,,,,VS Code,28.33,27
104,Control,23,Male,Studente,>= 6 months && < 1 year,< 3 months,Windows,Fully agree,Neither agree nor disagree,Partially agree,Partially agree,Fully disagree,Partially agree,Partially disagree,Neither agree nor disagree,Neither agree nor disagree,Neither agree nor disagree,,,,,,,,,"IntelliJ, Visual Studio, VS Code, Eclipse",28.5,30
105,Control,22,Male,Studente,>= 3 months && < 6 months,< 3 months,Windows,Partially disagree,Partially agree,Neither agree nor disagree,Partially disagree,Partially agree,Partially agree,Partially agree,Partially agree,Partially agree,Partially agree,,,,,,,,,IntelliJ,20.4,21
106,Control,25,Male,Student,< 3 months,< 3 months,Windows,Fully agree,Partially agree,Partially agree,Partially agree,Neither agree nor disagree,Partially agree,Partially agree,Partially agree,Neither agree nor disagree,Partially disagree,,,,,,,,,VS Code,24.03,24
107,Control,22,Male,Student,>= 3 months && < 6 months,< 3 months,Windows,Fully agree,Partially agree,Partially agree,Neither agree nor disagree,Partially disagree,Partially agree,Partially agree,Partially agree,Fully agree,Fully disagree,,,,,,,,,VS Code,32.3,33
108,Control,25,Male,Student,< 3 months,< 3 months,Windows,Fully disagree,Fully disagree,Partially agree,Partially agree,Fully disagree,Partially agree,Neither agree nor disagree,Neither agree nor disagree,Neither agree nor disagree,Fully disagree,,,,,,,,,"Visual Studio, VS Code",21,21
109,Control,25,Female,student,< 3 months,< 3 months,Windows,Fully agree,Partially disagree,Fully agree,Partially agree,Partially agree,Partially agree,Fully agree,Partially agree,Partially agree,Fully disagree,,,,,,,,,VS Code,28.29,27
110,Control,26,Male,studente,< 3 months,< 3 months,Windows,Partially agree,Partially agree,Partially disagree,Partially disagree,Partially disagree,Neither agree nor disagree,Partially disagree,Fully agree,Fully agree,Partially agree,,,,,,,,,VS Code,21.83,21
111,Control,22,Male,student,< 3 months,< 3 months,Windows,Partially agree,Partially agree,Partially agree,Partially agree,Partially agree,Neither agree nor disagree,Fully agree,Partially agree,Fully agree,Neither agree nor disagree,,,,,,,,,"IntelliJ, PyCharm, CLion, Visual Studio, VS Code, Eclipse",27.63,27
112,Control,23,Male,Student,< 3 months,< 3 months,Windows,Fully agree,Fully agree,Fully agree,Partially agree,Partially agree,Neither agree nor disagree,Neither agree nor disagree,Partially agree,Partially agree,Neither agree nor disagree,,,,,,,,,IntelliJ,20.56,21
113,Control,23,Female,student,>= 3 months && < 6 months,< 3 months,MacOS,Neither agree nor disagree,Neither agree nor disagree,Neither agree nor disagree,Neither agree nor disagree,Neither agree nor disagree,Neither agree nor disagree,Neither agree nor disagree,Neither agree nor disagree,Neither agree nor disagree,Neither agree nor disagree,,,,,,,,,IntelliJ,24,24
114,Control,23,Male,Student,>= 3 months && < 6 months,< 3 months,Windows,Partially disagree,Fully disagree,Neither agree nor disagree,Partially disagree,Fully disagree,Partially disagree,Partially disagree,Fully disagree,Fully disagree,Fully disagree,,,,,,,,,VS Code,27.6,27
115,Control,24,Male,Studente,>= 3 months && < 6 months,< 3 months,MacOS,Partially agree,Fully disagree,Neither agree nor disagree,Neither agree nor disagree,Fully disagree,Neither agree nor disagree,Partially disagree,Fully disagree,Fully disagree,Fully disagree,,,,,,,,,"Webstorm, PyCharm, VS Code",24.83,24
116,Control,24,Male,student & etl worker,< 3 months,< 3 months,Windows,Partially agree,Partially disagree,Partially agree,Partially disagree,Partially agree,Partially disagree,Partially agree,Partially disagree,Neither agree nor disagree,Neither agree nor disagree,,,,,,,,,"CLion, Visual Studio, VS Code",29.33,30
117,Control,23,Male,students,>= 1 year && < 3 years,< 3 months,Windows,Fully agree,Fully agree,Fully agree,Fully agree,Fully agree,Fully agree,Fully agree,Fully agree,Fully agree,Neither agree nor disagree,,,,,,,,,"IntelliJ, PyCharm, Visual Studio, VS Code, Eclipse, Netbeans",26,27
118,Treatment,23,Male,Student,>= 3 years,< 3 months,MacOS,Fully agree,Fully agree,Fully agree,Fully agree,Fully agree,Fully agree,Partially agree,Fully agree,Fully agree,Partially disagree,Partially disagree,Partially disagree,Fully disagree,Neither agree nor disagree,Partially agree,Partially agree,Partially disagree,,VS Code,30.1,30
119,Treatment,22,Male,Web Developer,< 3 months,< 3 months,MacOS,Fully agree,Fully agree,Fully agree,Fully agree,Neither agree nor disagree,Partially agree,Fully agree,Partially agree,Fully agree,Fully agree,Partially agree,Partially agree,Fully agree,Fully agree,Fully agree,Fully agree,Fully agree,"Try to mask a little how a given achievement is incremented, e.g for the achievement asking for more tests, just say ""Look deeper"", to leave some work and thinking to the user","IntelliJ, VS Code",18.7,18
120,Treatment,23,Male,Student,>= 3 years,>= 3 months && < 6 months,Windows,Fully agree,Fully agree,Fully agree,Fully agree,Neither agree nor disagree,Partially agree,Fully agree,Fully agree,Fully agree,Fully disagree,Fully disagree,Fully disagree,Fully disagree,Fully agree,Fully agree,Fully disagree,Fully disagree,some achievements make no sense (for example adding 1000 breakpoints),VS Code,29.5,30
121,Treatment,22,Female,student,< 3 months,< 3 months,MacOS,Fully agree,Fully agree,Fully agree,Partially agree,Partially disagree,Partially agree,Partially agree,Partially agree,Partially agree,Partially agree,Neither agree nor disagree,Partially disagree,Partially disagree,Partially agree,Partially agree,Partially disagree,Neither agree nor disagree,,VS Code,23.7,24
122,Treatment,22,Male,Student,< 3 months,< 3 months,Windows,Partially agree,Partially agree,Partially agree,Neither agree nor disagree,Partially disagree,Neither agree nor disagree,Partially agree,Partially agree,Fully agree,Partially disagree,Fully disagree,Fully disagree,Fully disagree,Fully disagree,Fully disagree,Fully disagree,Fully disagree,,"PyCharm, CLion, VS Code, Eclipse",28.83,30
123,Treatment,22,Female,student,< 3 months,< 3 months,MacOS,Fully agree,Fully agree,Partially agree,Partially disagree,Partially disagree,Partially disagree,Fully agree,Neither agree nor disagree,Neither agree nor disagree,Neither agree nor disagree,Neither agree nor disagree,Neither agree nor disagree,Partially disagree,Neither agree nor disagree,Neither agree nor disagree,Neither agree nor disagree,Neither agree nor disagree,,IntelliJ,21.5,21
124,Treatment,22,Male,Student,>= 3 years,< 3 months,Windows,Fully agree,Fully agree,Fully agree,Fully agree,Fully agree,Fully agree,Fully agree,Fully agree,Fully agree,Fully disagree,Partially disagree,Partially agree,Fully disagree,Partially agree,Fully agree,Neither agree nor disagree,Neither agree nor disagree,,VS Code,23.8,24
125,Treatment,23,Male,Student & Web Developer,>= 1 year && < 3 years,< 3 months,MacOS,Fully agree,Fully agree,Fully agree,Fully agree,Fully agree,Fully agree,Fully agree,Partially agree,Neither agree nor disagree,Partially disagree,Fully disagree,Partially agree,Partially agree,Partially agree,Fully agree,Fully agree,Fully agree,,VS Code,25,24
126,Treatment,26,Male,Student,< 3 months,< 3 months,Windows,Neither agree nor disagree,Neither agree nor disagree,Partially disagree,Fully disagree,Fully disagree,Fully disagree,Fully disagree,Fully disagree,Fully disagree,Fully disagree,Neither agree nor disagree,Neither agree nor disagree,Neither agree nor disagree,Neither agree nor disagree,Neither agree nor disagree,Neither agree nor disagree,Neither agree nor disagree,,VS Code,23,24
127,Treatment,24,Male,Student,>= 1 year && < 3 years,< 3 months,Windows,Fully agree,Partially disagree,Partially agree,Partially agree,Partially disagree,Partially agree,Neither agree nor disagree,Partially agree,Partially agree,Fully disagree,Partially agree,Neither agree nor disagree,Partially agree,Neither agree nor disagree,Neither agree nor disagree,Partially agree,Fully agree,show tips for completing them,"Visual Studio, VS Code",24.4,24
128,Treatment,22,Female,student - master computer engineering,>= 3 months && < 6 months,< 3 months,MacOS,Fully agree,Partially agree,Partially agree,Neither agree nor disagree,Partially agree,Neither agree nor disagree,Neither agree nor disagree,Partially agree,Partially agree,Neither agree nor disagree,Partially agree,Partially agree,Fully agree,Partially agree,Neither agree nor disagree,Neither agree nor disagree,Partially agree,,IntelliJ,24.38,24
129,Treatment,22,Male,Student,>= 3 years,< 3 months,Linux,Fully agree,Fully agree,Fully agree,Fully agree,Fully agree,Neither agree nor disagree,Fully agree,Fully agree,Fully agree,Fully disagree,Fully disagree,Fully disagree,Fully disagree,Partially agree,Partially agree,Fully agree,Fully disagree,,Neovim,28.2,27
130,Treatment,23,Female,Student,>= 6 months && < 1 year,>= 6 months && < 1 year,Linux,Fully agree,Fully agree,Fully agree,Partially agree,Partially disagree,Partially disagree,Fully agree,Fully disagree,Partially agree,Partially agree,Partially agree,Partially agree,Partially agree,Partially agree,Partially agree,Partially agree,Partially agree,,Visual Studio,23.73,24
131,Treatment,22,Male,Student,>= 3 months && < 6 months,< 3 months,Windows,Fully agree,Fully agree,Fully agree,Fully agree,Neither agree nor disagree,Fully agree,Fully agree,Partially agree,Neither agree nor disagree,Neither agree nor disagree,Neither agree nor disagree,Neither agree nor disagree,Partially agree,Partially agree,Partially agree,Neither agree nor disagree,Neither agree nor disagree,,Visual Studio,25.5,27
132,Treatment,22,Male,Student,< 3 months,< 3 months,Windows,Fully disagree,Fully disagree,Neither agree nor disagree,Partially disagree,Partially disagree,Fully disagree,Neither agree nor disagree,Partially agree,Partially agree,Partially agree,Partially agree,Partially agree,Partially agree,Partially agree,Partially agree,Partially agree,Partially agree,,"IntelliJ, VS Code",31.4,30
133,Treatment,22,Male,Student,< 3 months,< 3 months,MacOS,Fully agree,Fully agree,Fully agree,Fully agree,Partially agree,Fully agree,Fully agree,Fully agree,Fully agree,Partially agree,Partially agree,Partially agree,Partially agree,Fully agree,Fully agree,Fully agree,Partially agree,,"IntelliJ, Webstorm, VS Code",22.8,24
134,Treatment,22,Male,None,>= 3 years,< 3 months,Windows,Partially agree,Neither agree nor disagree,Fully agree,Neither agree nor disagree,Partially disagree,Partially disagree,Partially agree,Partially agree,Partially agree,Partially disagree,Partially disagree,Fully disagree,Fully disagree,Partially disagree,Partially disagree,Partially disagree,Partially agree,Non ho notato le notifiche,VS Code,30.83,30
135,Treatment,27,Male,Student,>= 3 months && < 6 months,< 3 months,Windows,Fully agree,Fully agree,Partially agree,Partially agree,Partially agree,Partially agree,Partially agree,Partially agree,Partially agree,Partially agree,Partially agree,Partially agree,Partially agree,Partially agree,Partially agree,Fully agree,Fully agree,,"IntelliJ, PyCharm, Visual Studio, VS Code",22,21
136,Treatment,22,Male,Student,< 3 months,< 3 months,Windows,Fully disagree,Fully disagree,Fully agree,Partially agree,Neither agree nor disagree,Neither agree nor disagree,Partially disagree,Neither agree nor disagree,Neither agree nor disagree,Partially agree,Fully agree,Fully agree,Fully agree,Fully agree,Fully agree,Neither agree nor disagree,Partially agree,add some animation,Visual Studio,28.5,30
137,Treatment,22,Male,Student,< 3 months,< 3 months,MacOS,Partially agree,Partially disagree,Partially agree,Fully disagree,Fully disagree,Partially disagree,Partially disagree,Partially disagree,Partially disagree,Partially disagree,Partially disagree,Fully disagree,Fully disagree,Partially disagree,Fully disagree,Fully disagree,Fully disagree,,Visual Studio,23.9,24
138,Treatment,22,Male,Student,>= 6 months && < 1 year,< 3 months,MacOS,Partially agree,Neither agree nor disagree,Partially agree,Partially agree,Partially disagree,Partially agree,Partially agree,Partially agree,Partially disagree,Neither agree nor disagree,Neither agree nor disagree,Neither agree nor disagree,Neither agree nor disagree,Neither agree nor disagree,Neither agree nor disagree,Neither agree nor disagree,Neither agree nor disagree,,IntelliJ,26,27
139,Treatment,26,Male,Student,>= 3 years,< 3 months,MacOS,Fully disagree,Fully disagree,Fully disagree,Fully agree,Fully disagree,Neither agree nor disagree,Fully disagree,Fully disagree,Fully disagree,Fully disagree,Fully disagree,Fully disagree,Fully disagree,Fully agree,Fully agree,Fully agree,Fully disagree,Wouldn't use it. I don't want gamification in my work environment. The requirements were too generic. Spending time to read and understand the issue before programming is key not TDD after a crappy implementation. Before implementing something 2h reading about the topic is minimum.,VS Code,26.7,27
140,Treatment,24,Female,Student,>= 3 months && < 6 months,< 3 months,MacOS,Fully agree,Partially agree,Fully agree,Fully agree,Partially agree,Fully agree,Fully agree,Fully agree,Fully agree,Partially agree,Fully agree,Fully agree,Fully agree,Partially agree,Fully agree,Fully agree,Fully agree,,"IntelliJ, VS Code, Eclipse",26.3,27
141,Treatment,26,Male,Student,< 3 months,< 3 months,Linux,Partially agree,Neither agree nor disagree,Fully agree,Fully agree,Partially agree,Partially agree,Neither agree nor disagree,Partially agree,Fully agree,Neither agree nor disagree,Partially agree,Fully agree,Partially agree,Neither agree nor disagree,Partially agree,Partially agree,Fully agree,"Better explanations or usecases on how to achieve certain tasks (like Test Fixer, I couldn't get any)","IntelliJ, VS Code, Emacs",29.5,30
142,Treatment,24,Female,student,< 3 months,< 3 months,Windows,Partially agree,Partially agree,Partially agree,Neither agree nor disagree,Neither agree nor disagree,Fully agree,Partially disagree,Partially agree,Partially disagree,Fully disagree,Partially agree,Partially agree,Neither agree nor disagree,Partially agree,Neither agree nor disagree,Fully agree,Partially agree,,VS Code,24,24
143,Treatment,24,Male,Student,< 3 months,< 3 months,Windows,Partially agree,Neither agree nor disagree,Neither agree nor disagree,Neither agree nor disagree,Partially disagree,Partially agree,Partially agree,Partially disagree,Neither agree nor disagree,Neither agree nor disagree,Partially agree,Partially agree,Partially agree,Partially agree,Fully agree,Fully agree,Partially agree,,"IntelliJ, VS Code",20.9,21
144,Treatment,24,Female,Student,>= 3 months && < 6 months,< 3 months,MacOS,Fully agree,Neither agree nor disagree,Partially agree,Partially agree,Partially disagree,Neither agree nor disagree,Partially agree,Fully agree,Partially disagree,Neither agree nor disagree,Neither agree nor disagree,Neither agree nor disagree,Partially agree,Neither agree nor disagree,Neither agree nor disagree,Neither agree nor disagree,Neither agree nor disagree,,VS Code,19.83,21
145,Treatment,22,Male,student,>= 3 months && < 6 months,< 3 months,Windows,Fully agree,Fully disagree,Partially agree,Partially agree,Fully disagree,Partially agree,Neither agree nor disagree,Partially agree,Fully disagree,Fully disagree,Partially agree,Neither agree nor disagree,Partially agree,Neither agree nor disagree,Partially disagree,Partially agree,Partially disagree,,IntelliJ,30.33,30
146,Treatment,23,Female,Student,>= 3 months && < 6 months,< 3 months,Windows,Partially disagree,Fully disagree,Neither agree nor disagree,Partially agree,Fully disagree,Partially agree,Fully agree,Neither agree nor disagree,Fully disagree,Fully disagree,Fully agree,Partially agree,Partially agree,Neither agree nor disagree,Partially agree,Partially agree,Partially agree,None,"VS Code, Eclipse",19,18
147,Treatment,22,Male,Worker/Student,>= 1 year && < 3 years,< 3 months,MacOS,Fully agree,Partially disagree,Partially agree,Partially agree,Neither agree nor disagree,Neither agree nor disagree,Neither agree nor disagree,Neither agree nor disagree,Fully agree,Neither agree nor disagree,Neither agree nor disagree,Partially agree,Fully agree,Partially disagree,Neither agree nor disagree,Partially agree,Fully agree,,"IntelliJ, Webstorm, PyCharm, CLion, Visual Studio, VS Code, Eclipse",26.9,27
148,Treatment,22,Male,Student,>= 3 months && < 6 months,< 3 months,Windows,Partially agree,Partially disagree,Partially agree,Partially agree,Fully disagree,Neither agree nor disagree,Partially disagree,Partially disagree,Fully disagree,Fully disagree,Neither agree nor disagree,Neither agree nor disagree,Partially disagree,Neither agree nor disagree,Neither agree nor disagree,Neither agree nor disagree,Neither agree nor disagree,,VS Code,27.75,27
149,Treatment,22,Female,Student,< 3 months,< 3 months,MacOS,Partially agree,Partially agree,Fully agree,Partially agree,Partially agree,Partially agree,Fully agree,Fully agree,Fully agree,Neither agree nor disagree,Neither agree nor disagree,Neither agree nor disagree,Fully agree,Partially disagree,Partially disagree,Partially disagree,Partially disagree,,IntelliJ,27.7,27
150,Treatment,22,Female,Student,< 3 months,< 3 months,Windows,Fully disagree,Fully disagree,Partially agree,Partially agree,Neither agree nor disagree,Partially agree,Partially agree,Partially agree,Partially agree,Partially agree,Partially agree,Partially agree,Partially agree,Partially agree,Partially agree,Partially agree,Partially agree,,IntelliJ,23.63,24
151,Treatment,22,Male,Student,>= 3 months && < 6 months,< 3 months,MacOS,Fully agree,Partially disagree,Fully agree,Fully agree,Fully disagree,Partially agree,Fully agree,Partially disagree,Fully disagree,Fully disagree,Fully disagree,Fully disagree,Partially agree,Partially disagree,Partially agree,Partially disagree,Partially agree,,"CLion, VS Code",24.4,24
152,Treatment,23,Male,Student,>= 3 months && < 6 months,>= 3 months && < 6 months,Windows,Fully disagree,Fully disagree,Neither agree nor disagree,Neither agree nor disagree,Neither agree nor disagree,Partially disagree,Partially disagree,Fully agree,Fully agree,Fully agree,Partially disagree,Partially disagree,Partially agree,Neither agree nor disagree,Partially agree,Neither agree nor disagree,Partially agree,,VS Code,27.13,27
153,Treatment,21,Female,Student,>= 3 months && < 6 months,< 3 months,Windows,Fully agree,Partially disagree,Fully agree,Fully agree,Partially disagree,Fully agree,Fully agree,Neither agree nor disagree,Partially disagree,Partially disagree,Partially agree,Neither agree nor disagree,Neither agree nor disagree,Neither agree nor disagree,Partially agree,Neither agree nor disagree,Neither agree nor disagree,,VS Code,25.1,24
154,Treatment,22,Male,Student,>= 3 years,< 3 months,Windows,Fully agree,Partially agree,Partially agree,Partially agree,Fully agree,Partially agree,Partially agree,Fully agree,Fully agree,Partially agree,Fully agree,Partially agree,Partially agree,Fully agree,Partially agree,Fully agree,Fully agree,,"IntelliJ, Visual Studio, VS Code",22.63,24
155,Treatment,22,Male,Student,>= 3 months && < 6 months,< 3 months,Windows,Partially agree,Partially agree,Neither agree nor disagree,Partially agree,Partially agree,Partially agree,Partially disagree,Fully agree,Fully agree,Partially agree,Partially agree,Partially agree,Partially agree,Fully agree,Fully agree,Fully agree,Partially agree,,VS Code,26.5,27
156,Treatment,23,Male,Students at Politecino di Torino,< 3 months,< 3 months,Windows,Partially disagree,Fully disagree,Partially agree,Partially agree,Fully disagree,Partially agree,Partially disagree,Partially agree,Fully disagree,Partially agree,Neither agree nor disagree,Neither agree nor disagree,Neither agree nor disagree,Partially agree,Fully agree,Neither agree nor disagree,Fully disagree,,VS Code,28.83,30
157,Treatment,24,Male,Student,< 3 months,< 3 months,Linux,Fully disagree,Fully disagree,Fully agree,Partially disagree,Fully disagree,Partially disagree,Neither agree nor disagree,Neither agree nor disagree,Neither agree nor disagree,Fully disagree,Fully disagree,Neither agree nor disagree,Neither agree nor disagree,Fully disagree,Partially agree,Partially agree,Fully disagree,,VS Code,27.9,27
158,Treatment,23,Male,Student,< 3 months,< 3 months,Windows,Neither agree nor disagree,Neither agree nor disagree,Fully agree,Partially agree,Partially disagree,Neither agree nor disagree,Partially agree,Partially agree,Partially agree,Neither agree nor disagree,Partially agree,Partially agree,Neither agree nor disagree,Partially disagree,Partially disagree,Partially agree,Partially agree,,"IntelliJ, VS Code",25,24
159,Treatment,23,Male,Student,< 3 months,< 3 months,Windows,Fully agree,Neither agree nor disagree,Fully agree,Neither agree nor disagree,Fully disagree,Neither agree nor disagree,Fully agree,Partially agree,Neither agree nor disagree,Fully disagree,Partially disagree,Partially disagree,Partially disagree,Partially agree,Partially agree,Neither agree nor disagree,Partially agree,,VS Code,27.87,27
160,Treatment,23,Female,student,< 3 months,< 3 months,Linux,Partially agree,Partially agree,Partially agree,Neither agree nor disagree,Neither agree nor disagree,Neither agree nor disagree,Neither agree nor disagree,Partially agree,Partially agree,Neither agree nor disagree,Partially disagree,Partially disagree,Neither agree nor disagree,Neither agree nor disagree,Neither agree nor disagree,Neither agree nor disagree,Neither agree nor disagree,,VS Code,24.5,24
161,Treatment,22,Male,Student,< 3 months,< 3 months,MacOS,Neither agree nor disagree,Fully disagree,Partially agree,Partially disagree,Fully disagree,Neither agree nor disagree,Fully agree,Neither agree nor disagree,Fully agree,Fully agree,Fully agree,Fully agree,Fully agree,Partially agree,Partially agree,Partially agree,Fully agree,"Proporrei di aggiungere delle notifiche più accattivanti, con la visualizzazione della coppa del grado (bronzo, argento,...)","IntelliJ, Visual Studio",29,30
162,Treatment,23,Female,Student,>= 3 months && < 6 months,< 3 months,Windows,Partially disagree,Partially agree,Partially agree,Partially agree,Partially agree,Neither agree nor disagree,Partially disagree,Partially agree,Fully agree,Fully disagree,Neither agree nor disagree,Partially agree,Partially agree,Neither agree nor disagree,Partially agree,Partially agree,Partially agree,,"VS Code, Netbeans",28.5,30
163,Treatment,24,Male,student,>= 3 months && < 6 months,< 3 months,Windows,Fully disagree,Fully disagree,Neither agree nor disagree,Neither agree nor disagree,Partially disagree,Partially disagree,Neither agree nor disagree,Partially agree,Neither agree nor disagree,Neither agree nor disagree,Neither agree nor disagree,Partially agree,Neither agree nor disagree,Partially disagree,Partially disagree,Neither agree nor disagree,Neither agree nor disagree,,"Visual Studio, VS Code",20,21
164,Treatment,22,Male,Student,< 3 months,< 3 months,Windows,Partially disagree,Fully disagree,Partially agree,Neither agree nor disagree,Partially disagree,Partially disagree,Partially agree,Neither agree nor disagree,Fully agree,Fully agree,Partially agree,Partially agree,Fully agree,Partially agree,Fully agree,Partially disagree,Partially agree,I liked the plugin setup.,Visual Studio,28.5,30
165,Treatment,24,Male,student,< 3 months,< 3 months,Windows,Neither agree nor disagree,Partially disagree,Partially disagree,Partially agree,Fully disagree,Partially agree,Neither agree nor disagree,Fully disagree,Fully disagree,Fully disagree,Neither agree nor disagree,Neither agree nor disagree,Neither agree nor disagree,Partially disagree,Partially disagree,Fully disagree,Partially agree,,Visual Studio,27.9,27
166,Treatment,22,Male,Student,< 3 months,< 3 months,MacOS,Fully agree,Fully agree,Fully agree,Fully agree,Fully agree,Partially agree,Fully agree,Fully agree,Fully agree,Partially agree,Neither agree nor disagree,Partially agree,Fully agree,Fully agree,Fully agree,Fully agree,Fully agree,,"IntelliJ, PyCharm, CLion, VS Code, Eclipse",22.3,21
167,Treatment,22,Male,Student,>= 1 year && < 3 years,>= 3 months && < 6 months,MacOS,Fully agree,Fully agree,Fully agree,Partially agree,Partially agree,Partially agree,Fully agree,Partially agree,Fully agree,Partially disagree,Neither agree nor disagree,Neither agree nor disagree,Fully disagree,Neither agree nor disagree,Partially agree,Partially agree,Partially agree,,Visual Studio,26.5,27
168,Treatment,26,Male,Student,>= 3 years,>= 3 months && < 6 months,MacOS,Fully agree,Fully agree,Fully agree,Fully agree,Neither agree nor disagree,Neither agree nor disagree,Fully agree,Fully agree,Fully disagree,Fully disagree,Neither agree nor disagree,Fully disagree,Fully disagree,Fully agree,Partially agree,Partially agree,Partially agree,,"IntelliJ, VS Code",29.33,30
169,Treatment,23,Male,Student,< 3 months,< 3 months,Windows,Fully agree,Fully agree,Partially agree,Partially agree,Partially agree,Partially agree,Fully agree,Fully agree,Fully agree,Neither agree nor disagree,Partially agree,Fully agree,Partially agree,Partially agree,Partially agree,Partially agree,Neither agree nor disagree,,IntelliJ,28.33,27
170,Treatment,23,Female,student ,>= 6 months && < 1 year,< 3 months,MacOS,Fully agree,Fully agree,Partially agree,Partially agree,Partially agree,Partially agree,Partially agree,Partially agree,Partially agree,Neither agree nor disagree,Partially agree,Partially disagree,Partially agree,Neither agree nor disagree,Partially agree,Fully disagree,Partially agree,,"IntelliJ, VS Code",24.83,24
171,Treatment,22,Male,Student,>= 3 months && < 6 months,< 3 months,MacOS,Fully agree,Fully agree,Fully agree,Fully agree,Fully agree,Fully agree,Fully agree,Fully agree,Fully agree,Fully agree,Partially agree,Partially agree,Neither agree nor disagree,Partially agree,Fully agree,Partially agree,Partially agree,,VS Code,25.5,27
172,Treatment,22,Male,Student,< 3 months,< 3 months,MacOS,Fully agree,Neither agree nor disagree,Partially agree,Partially agree,Partially disagree,Partially agree,Partially agree,Partially disagree,Fully disagree,Fully disagree,Fully disagree,Fully disagree,Partially agree,Partially agree,Fully disagree,Fully disagree,Partially agree,,VS Code,28,27
173,Treatment,26,Male,Student,>= 1 year && < 3 years,>= 3 months && < 6 months,MacOS,Fully agree,Fully agree,Fully agree,Fully agree,Fully agree,Partially agree,Fully agree,Fully agree,Fully agree,Partially disagree,Neither agree nor disagree,Partially agree,Partially agree,Partially agree,Partially agree,Fully agree,Partially agree,,IntelliJ,25.33,24
174,Treatment,23,Male,student,< 3 months,< 3 months,Windows,Partially agree,Partially agree,Partially agree,Neither agree nor disagree,Neither agree nor disagree,Partially agree,Neither agree nor disagree,Partially agree,Partially disagree,Neither agree nor disagree,Neither agree nor disagree,Neither agree nor disagree,Neither agree nor disagree,Partially agree,Partially agree,Partially agree,Partially agree,,"IntelliJ, VS Code",24,24
175,Treatment,22,Male,Student,>= 3 years,>= 6 months && < 1 year,Windows,Partially disagree,Partially disagree,Partially agree,Partially agree,Partially agree,Partially agree,Partially agree,Partially agree,Partially agree,Partially agree,Partially agree,Partially agree,Partially agree,Partially agree,Partially agree,Partially agree,Partially agree,,"IntelliJ, VS Code",26.52,27
176,Treatment,24,Male,Student,>= 1 year && < 3 years,< 3 months,Linux,Partially agree,Partially agree,Partially agree,Neither agree nor disagree,Partially disagree,Partially disagree,Fully agree,Partially agree,Partially agree,Fully disagree,Fully disagree,Fully disagree,Neither agree nor disagree,Partially agree,Partially agree,Partially agree,Partially disagree,,"IntelliJ, Webstorm, PyCharm, CLion",24.63,24
177,Treatment,22,Female,Student,>= 3 months && < 6 months,>= 3 months && < 6 months,Windows,Fully agree,Fully agree,Fully agree,Partially agree,Partially agree,Partially agree,Fully agree,Fully agree,Fully agree,Partially agree,Partially agree,Partially agree,Partially agree,Fully agree,Partially agree,Partially agree,Partially agree,,"IntelliJ, Visual Studio, VS Code",21.5,21
178,Treatment,22,Female,Student,< 3 months,< 3 months,Windows,Partially agree,Partially agree,Partially agree,Neither agree nor disagree,Neither agree nor disagree,Neither agree nor disagree,Partially agree,Partially agree,Partially agree,Neither agree nor disagree,Neither agree nor disagree,Partially agree,Partially agree,Partially agree,Partially agree,Partially agree,Partially agree,,"IntelliJ, VS Code, Netbeans",21,21
179,Treatment,23,Female,Student,>= 3 months && < 6 months,< 3 months,Linux,Neither agree nor disagree,Partially disagree,Partially disagree,Neither agree nor disagree,Fully disagree,Partially disagree,Neither agree nor disagree,Fully disagree,Neither agree nor disagree,Fully disagree,Neither agree nor disagree,Partially agree,Partially agree,Neither agree nor disagree,Fully agree,Partially disagree,Neither agree nor disagree,"unfortunatly, I had errors with npm install and i didn't have the chance to test properly my code, but i really appreciated the plugin of achievements and i would have used with pleasure",VS Code,30.6,30
180,Treatment,24,Female,Student,>= 3 months && < 6 months,< 3 months,Windows,Partially agree,Partially agree,Partially agree,Partially agree,Partially agree,Partially agree,Fully agree,Fully agree,Fully agree,Neither agree nor disagree,Partially agree,Partially agree,Neither agree nor disagree,Partially agree,Partially agree,Fully agree,Fully agree,,"IntelliJ, VS Code",27.5,27
181,Treatment,24,Female,Student at Politecnico,< 3 months,< 3 months,Windows,Fully agree,Fully disagree,Partially agree,Neither agree nor disagree,Neither agree nor disagree,Partially disagree,Fully agree,Partially agree,Partially agree,Fully disagree,Partially agree,Fully agree,Partially agree,Partially agree,Fully agree,Partially agree,Fully agree,,Visual Studio,19.3,18
182,Treatment,22,Male,Student,>= 3 months && < 6 months,< 3 months,Windows,Fully agree,Neither agree nor disagree,Partially agree,Partially agree,Partially disagree,Partially agree,Fully agree,Partially agree,Partially disagree,Partially disagree,Fully disagree,Partially disagree,Partially agree,Fully agree,Fully agree,Fully agree,Partially agree,"No, it's well made",VS Code,23.5,24
183,Treatment,22,Female,Student,>= 3 months && < 6 months,< 3 months,Windows,Neither agree nor disagree,Partially disagree,Partially agree,Partially disagree,Fully disagree,Neither agree nor disagree,Partially agree,Fully disagree,Fully disagree,Fully disagree,Neither agree nor disagree,Fully disagree,Partially disagree,Neither agree nor disagree,Neither agree nor disagree,Partially agree,Neither agree nor disagree,,IntelliJ,20.8,21
184,Treatment,24,Male,Student,>= 3 months && < 6 months,< 3 months,Windows,Partially agree,Partially agree,Partially disagree,Neither agree nor disagree,Neither agree nor disagree,Partially agree,Neither agree nor disagree,Neither agree nor disagree,Fully agree,Partially agree,Partially agree,Neither agree nor disagree,Neither agree nor disagree,Partially agree,Neither agree nor disagree,Neither agree nor disagree,Neither agree nor disagree,,"IntelliJ, Visual Studio, VS Code, Eclipse",18.5,18
185,Treatment,23,Female,student,>= 3 months && < 6 months,< 3 months,Windows,Fully agree,Fully agree,Partially agree,Partially agree,Partially agree,Neither agree nor disagree,Fully agree,Partially agree,Partially disagree,Neither agree nor disagree,Neither agree nor disagree,Neither agree nor disagree,Neither agree nor disagree,Fully agree,Fully agree,Partially disagree,Partially agree,,"IntelliJ, VS Code",23,24
186,Treatment,22,Female,Student,>= 3 months && < 6 months,>= 3 months && < 6 months,Windows,Partially agree,Partially disagree,Partially agree,Neither agree nor disagree,Partially disagree,Neither agree nor disagree,Neither agree nor disagree,Neither agree nor disagree,Fully agree,Neither agree nor disagree,Neither agree nor disagree,Partially agree,Neither agree nor disagree,Neither agree nor disagree,Partially agree,Neither agree nor disagree,Neither agree nor disagree,,IntelliJ,25.5,27
187,Treatment,23,Male,Student,>= 3 months && < 6 months,>= 3 months && < 6 months,MacOS,Partially agree,Partially agree,Neither agree nor disagree,Neither agree nor disagree,Neither agree nor disagree,Partially agree,Neither agree nor disagree,Partially agree,Partially agree,Neither agree nor disagree,Neither agree nor disagree,Neither agree nor disagree,Partially agree,Partially disagree,Neither agree nor disagree,Partially disagree,Partially agree,,"VS Code, Eclipse",23.83,24
188,Treatment,22,Male,Student,>= 3 months && < 6 months,< 3 months,Windows,Fully agree,Partially agree,Neither agree nor disagree,Partially disagree,Partially disagree,Neither agree nor disagree,Partially agree,Neither agree nor disagree,Partially agree,Neither agree nor disagree,Neither agree nor disagree,Neither agree nor disagree,Neither agree nor disagree,Neither agree nor disagree,Neither agree nor disagree,Neither agree nor disagree,Neither agree nor disagree,,"IntelliJ, VS Code",26.5,27
189,Treatment,24,Male,Student,>= 3 months && < 6 months,< 3 months,Windows,Fully agree,Fully agree,Partially agree,Partially agree,Partially agree,Partially agree,Fully agree,Fully agree,Fully agree,Neither agree nor disagree,Fully agree,Fully agree,Fully agree,Fully agree,Partially agree,Partially agree,Fully agree,,IntelliJ,27.2,27
190,Treatment,24,Male,Student,>= 3 months && < 6 months,< 3 months,MacOS,Fully agree,Fully agree,Partially agree,Neither agree nor disagree,Neither agree nor disagree,Neither agree nor disagree,Partially agree,Partially agree,Partially agree,Fully agree,Neither agree nor disagree,Neither agree nor disagree,Neither agree nor disagree,Neither agree nor disagree,Neither agree nor disagree,Partially agree,Neither agree nor disagree,,IntelliJ,29.5,30
191,Treatment,26,Male,Computer Engineering ,>= 3 years,>= 3 months && < 6 months,MacOS,Fully agree,Fully disagree,Fully agree,Fully agree,Partially agree,Fully agree,Fully agree,Partially agree,Neither agree nor disagree,Fully disagree,Fully agree,Neither agree nor disagree,Partially disagree,Neither agree nor disagree,Partially agree,Neither agree nor disagree,Neither agree nor disagree,,"IntelliJ, Visual Studio, VS Code",24.75,24
192,Treatment,22,Male,Student,< 3 months,< 3 months,Windows,Partially disagree,Fully disagree,Partially agree,Neither agree nor disagree,Fully disagree,Fully disagree,Neither agree nor disagree,Fully disagree,Fully disagree,Fully disagree,Fully disagree,Fully disagree,Neither agree nor disagree,Partially disagree,Fully disagree,Fully disagree,Fully disagree,,IntelliJ,27.75,27
193,Treatment,22,Male,Student,< 3 months,< 3 months,Windows,Partially agree,Partially agree,Partially agree,Neither agree nor disagree,Neither agree nor disagree,Partially disagree,Neither agree nor disagree,Partially agree,Partially agree,Fully disagree,Partially disagree,Partially agree,Partially agree,Neither agree nor disagree,Partially agree,Partially agree,Partially agree,,"IntelliJ, VS Code",26.73,27
194,Treatment,24,Female,Student,< 3 months,< 3 months,MacOS,Partially agree,Partially disagree,Fully agree,Neither agree nor disagree,Neither agree nor disagree,Neither agree nor disagree,Partially agree,Partially agree,Partially agree,Partially agree,Partially agree,Fully agree,Partially agree,Partially disagree,Partially agree,Fully agree,Fully agree,,"VS Code, xcode",23,24
195,Treatment,22,Female,Student,< 3 months,< 3 months,Windows,Partially agree,Partially disagree,Partially agree,Partially agree,Fully disagree,Neither agree nor disagree,Partially agree,Partially agree,Fully disagree,Fully disagree,Partially agree,Fully agree,Fully agree,Partially agree,Partially agree,Fully agree,Fully agree,,IntelliJ,26.5,27
196,Treatment,27,Male,Student,>= 6 months && < 1 year,< 3 months,Windows,Fully disagree,Fully disagree,Partially agree,Partially agree,Neither agree nor disagree,Neither agree nor disagree,Partially agree,Partially agree,Partially agree,Partially agree,Partially agree,Partially agree,Partially disagree,Partially agree,Partially agree,Partially agree,Partially agree,,"IntelliJ, VS Code",20.83,21
197,Treatment,24,Male,Student,>= 1 year && < 3 years,< 3 months,Windows,Fully agree,Partially agree,Partially agree,Neither agree nor disagree,Partially disagree,Partially disagree,Fully agree,Partially disagree,Neither agree nor disagree,Neither agree nor disagree,Neither agree nor disagree,Partially agree,Neither agree nor disagree,Partially agree,Partially agree,Partially agree,Neither agree nor disagree,,IntelliJ,28,27
198,Treatment,24,Female,Student,< 3 months,< 3 months,Windows,Fully agree,Fully disagree,Partially agree,Partially disagree,Fully disagree,Fully disagree,Fully agree,Partially disagree,Fully disagree,Partially disagree,Fully disagree,Fully disagree,Fully disagree,Partially agree,Fully agree,Partially disagree,Partially disagree,,IntelliJ,0,0
199,Treatment,22,Female,Student,>= 3 months && < 6 months,< 3 months,Windows,Fully agree,Partially agree,Fully agree,Partially agree,Partially disagree,Partially agree,Partially agree,Fully disagree,Fully disagree,Fully disagree,Fully disagree,Partially agree,Partially disagree,Partially agree,Partially agree,Fully agree,Partially disagree,,"Visual Studio, VS Code",30.33,30
200,Treatment,24,Female,Student,< 3 months,< 3 months,Windows,Partially disagree,Partially disagree,Neither agree nor disagree,Partially agree,Partially disagree,Neither agree nor disagree,Neither agree nor disagree,Partially agree,Partially agree,Neither agree nor disagree,Neither agree nor disagree,Partially disagree,Neither agree nor disagree,Partially disagree,Partially agree,Partially agree,Neither agree nor disagree,,VS Code,29.9,30
201,Treatment,24,Male,Student,>= 3 months && < 6 months,< 3 months,Windows,Partially agree,Fully disagree,Partially agree,Neither agree nor disagree,Fully disagree,Neither agree nor disagree,Neither agree nor disagree,Fully disagree,Fully disagree,Fully disagree,Fully disagree,Partially agree,Fully disagree,Fully disagree,Fully disagree,Partially disagree,Fully disagree,,"IntelliJ, PyCharm, CLion, VS Code, Eclipse",26.7,27
202,Treatment,25,Female,Student,< 3 months,< 3 months,Windows,Neither agree nor disagree,Partially disagree,Fully agree,Fully disagree,Fully disagree,Partially disagree,Partially disagree,Fully disagree,Fully disagree,Neither agree nor disagree,Partially agree,Partially agree,Partially agree,Partially disagree,Partially disagree,Neither agree nor disagree,Partially agree,,"Visual Studio, VS Code, Eclipse",19.78,21
203,Treatment,22,Male,Student,>= 1 year && < 3 years,< 3 months,Windows,Fully agree,Partially agree,Fully agree,Fully agree,Fully agree,Fully agree,Fully agree,Fully agree,Fully agree,Partially agree,Partially agree,Partially agree,Neither agree nor disagree,Neither agree nor disagree,Partially agree,Neither agree nor disagree,Neither agree nor disagree,,VS Code,23,24
204,Treatment,24,Female,student,>= 1 year && < 3 years,< 3 months,Windows,Fully agree,Fully agree,Fully agree,Fully agree,Fully agree,Fully agree,Fully agree,Fully agree,Fully agree,Fully agree,Fully agree,Fully agree,Fully agree,Fully agree,Fully agree,Fully agree,Fully agree,nope,IntelliJ,25,24
205,Treatment,23,Male,Student,< 3 months,< 3 months,Windows,Partially agree,Partially disagree,Neither agree nor disagree,Fully agree,Partially disagree,Partially agree,Fully disagree,Fully agree,Fully agree,Partially disagree,Partially disagree,Partially disagree,Neither agree nor disagree,Fully agree,Fully agree,Fully disagree,Partially agree,"Make it run tests on a more automated way, in order to not need to stop and compile -> run tests in order to have feedback. Also the standard popups I feel like they're quite ugly and I associate them with issues more than ""positvie"" feedback","PyCharm, VS Code",25.9,27
206,Treatment,24,Male,Studente,< 3 months,< 3 months,Windows,Partially disagree,Partially disagree,Partially disagree,Neither agree nor disagree,Neither agree nor disagree,Neither agree nor disagree,Partially disagree,Partially agree,Partially agree,Neither agree nor disagree,Partially disagree,Partially disagree,Partially disagree,Neither agree nor disagree,Neither agree nor disagree,Partially agree,Partially agree,,"IntelliJ, Visual Studio",27,27
207,Treatment,25,Male,Student,< 3 months,< 3 months,Windows,Partially agree,Partially agree,Fully agree,Partially agree,Neither agree nor disagree,Partially agree,Partially agree,Partially agree,Partially agree,Partially agree,Partially disagree,Neither agree nor disagree,Neither agree nor disagree,Partially agree,Partially agree,Partially agree,Partially agree,,VS Code,22.3,21
208,Treatment,22,Female,student,< 3 months,< 3 months,Windows,Partially agree,Neither agree nor disagree,Partially agree,Neither agree nor disagree,Fully disagree,Neither agree nor disagree,Partially agree,Fully disagree,Fully disagree,Neither agree nor disagree,,,,,,,,,IntelliJ,12.5,12
209,Treatment,22,Male,Student,>= 3 months && < 6 months,< 3 months,Windows,Fully disagree,Fully disagree,Fully disagree,Fully disagree,Fully disagree,Partially disagree,Partially disagree,Neither agree nor disagree,Fully disagree,Fully disagree,Neither agree nor disagree,Partially agree,Partially agree,Neither agree nor disagree,Partially agree,Neither agree nor disagree,Neither agree nor disagree,,IntelliJ,21.9,21
210,Treatment,25,Female,Student,>= 6 months && < 1 year,>= 3 months && < 6 months,Windows,Fully agree,Fully agree,Fully agree,Fully agree,Partially agree,Partially agree,Fully agree,Fully agree,Fully agree,Neither agree nor disagree,Fully agree,Partially agree,Fully agree,Partially agree,Fully agree,Partially disagree,Fully agree,,VS Code,22.33,21
211,Treatment,22,Male,Student,>= 3 months && < 6 months,< 3 months,MacOS,Fully agree,Fully agree,Fully agree,Partially agree,Partially agree,Partially agree,Partially agree,Fully agree,Fully agree,Fully agree,Neither agree nor disagree,Neither agree nor disagree,Neither agree nor disagree,Neither agree nor disagree,Neither agree nor disagree,Neither agree nor disagree,Neither agree nor disagree,,VS Code,29.13,30
212,Treatment,25,Male,student,>= 3 months && < 6 months,< 3 months,Windows,Fully agree,Fully agree,Partially agree,Neither agree nor disagree,Neither agree nor disagree,Neither agree nor disagree,Partially agree,Partially agree,Partially agree,Partially agree,Partially agree,Partially agree,Partially agree,Partially agree,Partially agree,Neither agree nor disagree,Neither agree nor disagree,,"IntelliJ, Webstorm, VS Code, Eclipse",26.51,27
213,Treatment,26,Male,student,>= 6 months && < 1 year,< 3 months,Windows,Fully agree,Neither agree nor disagree,Partially agree,Partially disagree,Fully disagree,Partially disagree,Fully disagree,Partially disagree,Fully disagree,Fully disagree,Fully disagree,Partially disagree,Fully disagree,,Fully disagree,Partially disagree,Fully disagree,,"VS Code, Eclipse",26.53,27
214,Treatment,23,Male,"Student, Mobile developer",< 3 months,< 3 months,Windows,Partially disagree,Partially disagree,Partially agree,Neither agree nor disagree,Neither agree nor disagree,Neither agree nor disagree,Partially agree,Partially agree,Partially agree,Neither agree nor disagree,Partially agree,Partially agree,Partially agree,Neither agree nor disagree,Partially agree,Fully agree,Fully agree,,"Visual Studio, VS Code, Android Studio",25.6,27
215,Treatment,24,Female,student,< 3 months,< 3 months,Windows,Partially agree,Partially agree,Fully agree,Partially agree,Neither agree nor disagree,Fully disagree,Neither agree nor disagree,Partially disagree,Partially disagree,Neither agree nor disagree,Neither agree nor disagree,Neither agree nor disagree,Neither agree nor disagree,Fully agree,Partially agree,Neither agree nor disagree,Neither agree nor disagree,,"IntelliJ, VS Code",19.5,21
216,Treatment,23,Male,Student,>= 1 year && < 3 years,< 3 months,Windows,Partially agree,Neither agree nor disagree,Partially agree,Partially agree,Neither agree nor disagree,Neither agree nor disagree,Partially agree,Neither agree nor disagree,Neither agree nor disagree,Partially disagree,Partially agree,Neither agree nor disagree,Partially agree,Partially agree,Fully agree,Partially agree,Fully agree,,VS Code,24.5,24
217,Treatment,23,Male,Studente,< 3 months,< 3 months,Windows,Fully disagree,Fully disagree,Partially agree,Partially agree,Partially disagree,Partially agree,Partially disagree,Fully agree,Fully disagree,Neither agree nor disagree,Fully disagree,Fully disagree,Fully disagree,Partially disagree,Partially agree,Partially disagree,Fully disagree,,"PyCharm, CLion, VS Code, Eclipse",30.83,30
218,Treatment,23,Male,student,< 3 months,< 3 months,Windows,Partially disagree,Partially disagree,Partially disagree,Partially disagree,Partially disagree,Neither agree nor disagree,Neither agree nor disagree,Partially disagree,Fully disagree,Fully disagree,Fully disagree,Fully disagree,Partially agree,Partially agree,Partially agree,Neither agree nor disagree,Neither agree nor disagree,,IntelliJ,27.8,27
219,Treatment,23,Male,Student,>= 3 months && < 6 months,< 3 months,MacOS,Partially disagree,Partially disagree,Neither agree nor disagree,Neither agree nor disagree,Partially disagree,Fully disagree,Fully disagree,Partially agree,Fully agree,Fully agree,Partially disagree,Partially disagree,Fully disagree,Partially disagree,Fully agree,Partially disagree,Partially agree,,"VS Code, Neovim",26.83,27
220,Treatment,22,Male,Student,>= 1 year && < 3 years,< 3 months,Windows,Neither agree nor disagree,Partially disagree,Partially disagree,Partially agree,Neither agree nor disagree,Fully agree,Fully agree,Partially agree,Partially agree,Neither agree nor disagree,Neither agree nor disagree,Partially agree,Neither agree nor disagree,Neither agree nor disagree,Neither agree nor disagree,Partially disagree,Neither agree nor disagree,,VS Code,28,27
221,Treatment,23,Male,Student,>= 1 year && < 3 years,< 3 months,Windows,Partially agree,Partially agree,Partially agree,Partially agree,Neither agree nor disagree,Partially agree,Neither agree nor disagree,Partially agree,Neither agree nor disagree,Partially disagree,Partially agree,Partially agree,Partially agree,Partially agree,Partially agree,Partially agree,Partially agree,,IntelliJ,26.83,27
222,Treatment,26,Male,Student,< 3 months,< 3 months,Windows,Partially disagree,Partially disagree,Neither agree nor disagree,Partially disagree,Neither agree nor disagree,Neither agree nor disagree,Neither agree nor disagree,Partially disagree,Neither agree nor disagree,Partially disagree,Partially agree,Partially agree,Partially agree,Partially agree,Partially agree,Neither agree nor disagree,Fully agree,"Plugin should be improved with motivational phrases combined with timed challenges. However, since the life of programmers can be stressful, time can be marked with various concentration techniques (for example Pomodoro Technique) and, possibly, various mindfulness techniques. Achievements are very useful (from the point of view of gamefication), but also an internal balance is certainly very useful, to have a better effectiveness and performance.","IntelliJ, VS Code",24.5,24
223,Treatment,22,Female,student,>= 3 months && < 6 months,< 3 months,Windows,Partially disagree,Fully disagree,Partially agree,Neither agree nor disagree,Fully disagree,Neither agree nor disagree,Partially agree,Neither agree nor disagree,Fully disagree,Neither agree nor disagree,Neither agree nor disagree,Neither agree nor disagree,Partially agree,Neither agree nor disagree,Neither agree nor disagree,Neither agree nor disagree,Partially agree,,IntelliJ,29.3,30
224,Treatment,24,Female,student,< 3 months,< 3 months,MacOS,Neither agree nor disagree,Fully disagree,Partially agree,Fully disagree,Fully disagree,Fully disagree,Fully disagree,Partially disagree,Fully disagree,Fully disagree,Fully disagree,Fully disagree,Fully disagree,Neither agree nor disagree,Neither agree nor disagree,Neither agree nor disagree,Fully disagree,"In a lot of occasions I was forced to wait several minutes for the files (ex: index.ts) to load so that i could write in them. The documentation loaded in more than 20 minutes. Idk how all this happened but it was very disturbing. I don't know how it happened to be like that in my PC, I know others did not have the same experience.",Visual Studio,22.57,24
225,Treatment,25,Female,student,< 3 months,< 3 months,Windows,Partially disagree,Partially disagree,Fully disagree,Fully disagree,Partially disagree,Fully disagree,Partially disagree,Partially disagree,Partially disagree,Fully disagree,Partially disagree,Partially disagree,Partially disagree,Partially disagree,Partially disagree,Partially disagree,Partially disagree,,"IntelliJ, VS Code",23.33,24
